"First Name","Last Name","Gender","Email","Phone","Occupation"
"Penelope","Jones","Female","p.jones@randatmail.com","388-7532-91","Jeweller"
"Emma","Evans","Female","e.evans@randatmail.com","582-3381-93","Lecturer"
"Lyndon","Harrison","Male","l.harrison@randatmail.com","585-3327-22","Photographer"
"Melanie","Clark","Female","m.clark@randatmail.com","187-3400-00","Agronomist"
"Valeria","Carter","Female","v.carter@randatmail.com","381-2025-98","Fashion Designer"
"Marcus","Adams","Male","m.adams@randatmail.com","204-1697-85","Medic"
"Paul","Williams","Male","p.williams@randatmail.com","418-4662-87","Chemist"
"Adrian","Scott","Male","a.scott@randatmail.com","072-3665-21","Photographer"
"Tara","Alexander","Female","t.alexander@randatmail.com","578-1079-01","Police Officer"
"Leonardo","Ross","Male","l.ross@randatmail.com","361-4907-39","Agronomist"
"Alfred","Brooks","Male","a.brooks@randatmail.com","657-8790-14","Lecturer"
"Freddie","Dixon","Male","f.dixon@randatmail.com","576-4616-48","Medic"
"Julian","Watson","Male","j.watson@randatmail.com","510-0469-82","Carpenter"
"Martin","Mason","Male","m.mason@randatmail.com","733-2341-16","Agronomist"
"Jack","Crawford","Male","j.crawford@randatmail.com","739-6153-36","Meteorologist"
"Catherine","Richards","Female","c.richards@randatmail.com","727-8196-53","Carpenter"
"April","Spencer","Female","a.spencer@randatmail.com","587-2380-99","Photographer"
"Belinda","Thompson","Female","b.thompson@randatmail.com","459-3109-36","Fine Artist"
"Briony","Morrison","Female","b.morrison@randatmail.com","674-8896-47","Auditor"
"Joyce","Howard","Female","j.howard@randatmail.com","687-2507-96","Salesman"
"Carina","Reed","Female","c.reed@randatmail.com","083-9086-84","Lecturer"
"Violet","Thompson","Female","v.thompson@randatmail.com","233-4855-30","Veterinarian"
"Maria","Morris","Female","m.morris@randatmail.com","721-9956-35","Programmer"
"Amber","Morrison","Female","a.morrison@randatmail.com","542-7288-58","Interior Designer"
"Preston","Bailey","Male","p.bailey@randatmail.com","703-4685-20","Teacher"
"Maria","Henderson","Female","m.henderson@randatmail.com","066-1960-02","Architect"
"Kellan","Elliott","Male","k.elliott@randatmail.com","599-7833-25","Police Officer"
"Fenton","Armstrong","Male","f.armstrong@randatmail.com","598-2427-57","Lecturer"
"Byron","Andrews","Male","b.andrews@randatmail.com","964-9176-45","Teacher"
"Chelsea","Holmes","Female","c.holmes@randatmail.com","438-6046-71","Architect"
"Lucy","Bailey","Female","l.bailey@randatmail.com","403-6883-61","Carpenter"
"Preston","Montgomery","Male","p.montgomery@randatmail.com","246-9219-10","Aeroplane Pilot"
"Carl","Jones","Male","c.jones@randatmail.com","551-6435-10","Composer"
"Ryan","Bennett","Male","r.bennett@randatmail.com","904-1859-82","Astronomer"
"Lucy","Dixon","Female","l.dixon@randatmail.com","490-8891-29","Pharmacist"
"Hailey","Spencer","Female","h.spencer@randatmail.com","691-9556-49","Teacher"
"Agata","Hunt","Female","a.hunt@randatmail.com","713-5553-27","Mathematician"
"Chloe","Williams","Female","c.williams@randatmail.com","972-1542-52","Police Officer"
"Luke","Roberts","Male","l.roberts@randatmail.com","542-1191-43","Baker"
"Sydney","Miller","Female","s.miller@randatmail.com","002-5578-04","Programmer"
"Tiana","Chapman","Female","t.chapman@randatmail.com","713-9610-73","Accountant"
"Luke","Ross","Male","l.ross@randatmail.com","332-2078-65","Chemist"
"Vincent","Owens","Male","v.owens@randatmail.com","437-7598-29","Salesman"
"Natalie","Howard","Female","n.howard@randatmail.com","537-6638-48","Baker"
"Dale","Mitchell","Male","d.mitchell@randatmail.com","367-1541-37","Cook"
"Steven","Grant","Male","s.grant@randatmail.com","665-8460-32","Veterinarian"
"Kelvin","Perry","Male","k.perry@randatmail.com","159-5591-88","Fine Artist"
"Daryl","Walker","Male","d.walker@randatmail.com","436-5315-03","Singer"
"Valeria","Clark","Female","v.clark@randatmail.com","956-0742-15","Accountant"
"Kirsten","Cunningham","Female","k.cunningham@randatmail.com","394-0767-71","Interior Designer"
"Camila","Fowler","Female","c.fowler@randatmail.com","436-7900-67","Manager"
"Alford","Dixon","Male","a.dixon@randatmail.com","167-1225-88","Actor"
"Sarah","Brown","Female","s.brown@randatmail.com","819-5598-64","Driver"
"Melanie","Harris","Female","m.harris@randatmail.com","115-0977-30","Dancer"
"Alina","Mason","Female","a.mason@randatmail.com","597-4649-46","Interior Designer"
"Paul","Wright","Male","p.wright@randatmail.com","969-1300-30","Interpreter"
"Arianna","Miller","Female","a.miller@randatmail.com","295-2890-86","Interior Designer"
"Michelle","Walker","Female","m.walker@randatmail.com","178-7254-39","Scientist"
"Melanie","Tucker","Female","m.tucker@randatmail.com","214-6818-47","Baker"
"Ashton","Thomas","Male","a.thomas@randatmail.com","370-0758-54","Police Officer"
"Luke","Hamilton","Male","l.hamilton@randatmail.com","083-5122-33","Actor"
"Anna","Cooper","Female","a.cooper@randatmail.com","757-6792-46","Driver"
"Edwin","Howard","Male","e.howard@randatmail.com","640-4989-02","Florist"
"Cadie","Anderson","Female","c.anderson@randatmail.com","282-6147-11","Economist"
"Lydia","Chapman","Female","l.chapman@randatmail.com","588-2126-58","Insurer"
"Kevin","Parker","Male","k.parker@randatmail.com","048-1817-71","Baker"
"Sabrina","Ferguson","Female","s.ferguson@randatmail.com","355-4775-00","Fashion Designer"
"Tiana","Douglas","Female","t.douglas@randatmail.com","220-6556-72","Journalist"
"Julian","Scott","Male","j.scott@randatmail.com","617-8700-40","Fine Artist"
"Jasmine","West","Female","j.west@randatmail.com","088-2401-48","Salesman"
"Arnold","Howard","Male","a.howard@randatmail.com","636-3235-99","Police Officer"
"Miller","Stewart","Male","m.stewart@randatmail.com","974-0814-67","Singer"
"Elian","Cunningham","Male","e.cunningham@randatmail.com","435-7217-17","Chef"
"Natalie","Turner","Female","n.turner@randatmail.com","455-0041-79","Fine Artist"
"Ashton","Bailey","Male","a.bailey@randatmail.com","574-5927-00","Chef"
"Briony","Hawkins","Female","b.hawkins@randatmail.com","157-6414-18","Driver"
"Agata","Johnson","Female","a.johnson@randatmail.com","870-9965-66","Geologist"
"Amber","Phillips","Female","a.phillips@randatmail.com","872-2170-31","Salesman"
"Frederick","West","Male","f.west@randatmail.com","600-8346-18","Salesman"
"Elise","Brooks","Female","e.brooks@randatmail.com","009-9234-42","Jeweller"
"Frederick","Clark","Male","f.clark@randatmail.com","495-5602-75","Scientist"
"Maria","Scott","Female","m.scott@randatmail.com","492-5351-83","Fine Artist"
"Sawyer","Ellis","Male","s.ellis@randatmail.com","169-9705-55","Medic"
"Jessica","Richardson","Female","j.richardson@randatmail.com","345-4264-55","Graphic Designer"
"Garry","Cunningham","Male","g.cunningham@randatmail.com","135-0004-15","Accountant"
"Fiona","Hamilton","Female","f.hamilton@randatmail.com","139-1575-79","Jeweller"
"Connie","Dixon","Female","c.dixon@randatmail.com","324-0278-78","Economist"
"Eric","Rogers","Male","e.rogers@randatmail.com","986-9003-00","Architect"
"Freddie","Owens","Male","f.owens@randatmail.com","304-5005-84","Lecturer"
"Spike","Reed","Male","s.reed@randatmail.com","492-5101-76","Medic"
"Brianna","Adams","Female","b.adams@randatmail.com","921-0051-32","Pharmacist"
"Arianna","Wilson","Female","a.wilson@randatmail.com","673-4977-86","Hairdresser"
"April","Miller","Female","a.miller@randatmail.com","506-6672-83","Electrician"
"Adrianna","Evans","Female","a.evans@randatmail.com","061-0124-25","Pharmacist"
"Edwin","Perkins","Male","e.perkins@randatmail.com","620-1482-25","Medic"
"Eleanor","Smith","Female","e.smith@randatmail.com","772-2873-41","Interpreter"
"Sydney","Gray","Female","s.gray@randatmail.com","566-6113-44","Fine Artist"
"Frederick","Mason","Male","f.mason@randatmail.com","356-5979-34","Actor"
"Edgar","Armstrong","Male","e.armstrong@randatmail.com","363-9026-84","Composer"
"Hailey","Nelson","Female","h.nelson@randatmail.com","205-3956-35","Dancer"
"Maddie","Kelley","Female","m.kelley@randatmail.com","970-3169-35","Florist"
"Elise","Morgan","Female","e.morgan@randatmail.com","295-9901-85","Insurer"
"Catherine","Cole","Female","c.cole@randatmail.com","155-4967-52","Dancer"
"Kirsten","Stewart","Female","k.stewart@randatmail.com","986-5583-53","Botanist"
"Roland","Dixon","Male","r.dixon@randatmail.com","244-1792-68","Dancer"
"Victor","Riley","Male","v.riley@randatmail.com","502-9520-97","Fine Artist"
"Amanda","Cole","Female","a.cole@randatmail.com","917-5184-58","Dancer"
"Vanessa","Barnes","Female","v.barnes@randatmail.com","360-8747-18","Producer"
"Naomi","Rogers","Female","n.rogers@randatmail.com","704-2381-08","Hairdresser"
"Reid","Clark","Male","r.clark@randatmail.com","548-4431-48","Engineer"
"Madaline","Ryan","Female","m.ryan@randatmail.com","902-4133-79","Economist"
"Blake","Taylor","Male","b.taylor@randatmail.com","262-7088-78","Chemist"
"Heather","Watson","Female","h.watson@randatmail.com","119-8648-28","Interior Designer"
"Victor","Phillips","Male","v.phillips@randatmail.com","644-8517-84","Jeweller"
"Jessica","Davis","Female","j.davis@randatmail.com","180-0960-02","Botanist"
"Annabella","Perkins","Female","a.perkins@randatmail.com","866-5981-97","Accountant"
"Myra","Scott","Female","m.scott@randatmail.com","838-5157-49","Programmer"
"Lydia","Barnes","Female","l.barnes@randatmail.com","422-8764-36","Florist"
"Sam","Kelly","Male","s.kelly@randatmail.com","604-5808-60","Social Worker"
"Catherine","Ross","Female","c.ross@randatmail.com","689-1293-04","Agronomist"
"Valeria","Allen","Female","v.allen@randatmail.com","169-0321-46","Hairdresser"
"Clark","Hawkins","Male","c.hawkins@randatmail.com","966-2944-17","Salesman"
"Robert","Riley","Male","r.riley@randatmail.com","753-4139-03","Teacher"
"Maddie","Wright","Female","m.wright@randatmail.com","037-0579-88","Electrician"
"Lilianna","Harrison","Female","l.harrison@randatmail.com","880-2389-98","Police Officer"
"Madaline","Richardson","Female","m.richardson@randatmail.com","901-1051-58","Mathematician"
"Daryl","Fowler","Male","d.fowler@randatmail.com","875-9440-09","Producer"
"Sofia","Perry","Female","s.perry@randatmail.com","367-3669-97","Actor"
"Amy","Craig","Female","a.craig@randatmail.com","734-9716-55","Engineer"
"Alexia","Murray","Female","a.murray@randatmail.com","339-6610-68","Interpreter"
"Richard","Harris","Male","r.harris@randatmail.com","387-8305-71","Journalist"
"Violet","Higgins","Female","v.higgins@randatmail.com","849-7971-01","Manager"
"Patrick","Wells","Male","p.wells@randatmail.com","019-5511-42","Auditor"
"Lucia","Stewart","Female","l.stewart@randatmail.com","054-5890-48","Lecturer"
"Violet","Dixon","Female","v.dixon@randatmail.com","941-4693-72","Chemist"
"Dale","Owens","Male","d.owens@randatmail.com","924-3712-82","Programmer"
"Chelsea","Barnes","Female","c.barnes@randatmail.com","505-2468-77","Graphic Designer"
"Miley","West","Female","m.west@randatmail.com","602-6145-13","Economist"
"Aldus","Payne","Male","a.payne@randatmail.com","575-3491-10","Carpenter"
"Reid","Morris","Male","r.morris@randatmail.com","129-6886-76","Programmer"
"Jack","Anderson","Male","j.anderson@randatmail.com","813-0762-60","Scientist"
"Martin","Harris","Male","m.harris@randatmail.com","528-9254-39","Lawer"
"Catherine","Murray","Female","c.murray@randatmail.com","538-9450-94","Botanist"
"Camila","Douglas","Female","c.douglas@randatmail.com","962-9996-53","Mathematician"
"Chloe","Myers","Female","c.myers@randatmail.com","444-9412-00","Chef"
"Charlotte","Crawford","Female","c.crawford@randatmail.com","165-8657-37","Interpreter"
"Dainton","Morrison","Male","d.morrison@randatmail.com","991-3713-62","Accountant"
"Ellia","Martin","Female","e.martin@randatmail.com","762-9737-23","Manager"
"Lucy","Allen","Female","l.allen@randatmail.com","899-5494-58","Carpenter"
"Tyler","Holmes","Male","t.holmes@randatmail.com","007-6792-27","Interior Designer"
"Agata","Parker","Female","a.parker@randatmail.com","777-4925-35","Scientist"
"Victoria","Cole","Female","v.cole@randatmail.com","378-0214-27","Physicist"
"Owen","Harris","Male","o.harris@randatmail.com","775-5604-22","Archeologist"
"Sawyer","Moore","Male","s.moore@randatmail.com","724-5234-22","Auditor"
"Cadie","Parker","Female","c.parker@randatmail.com","261-9683-16","Social Worker"
"Rebecca","Smith","Female","r.smith@randatmail.com","268-1341-03","Teacher"
"Ned","Ellis","Male","n.ellis@randatmail.com","647-1261-40","Geologist"
"Olivia","Morgan","Female","o.morgan@randatmail.com","272-8882-37","Veterinarian"
"Aiden","Fowler","Male","a.fowler@randatmail.com","512-7874-92","Producer"
"Hailey","Martin","Female","h.martin@randatmail.com","100-7954-60","Meteorologist"
"Elian","Perkins","Male","e.perkins@randatmail.com","378-5732-09","Actor"
"Alisa","Bennett","Female","a.bennett@randatmail.com","732-9513-11","Mechanic"
"Myra","Sullivan","Female","m.sullivan@randatmail.com","011-7269-67","Auditor"
"Abigail","Davis","Female","a.davis@randatmail.com","235-4512-20","Astronomer"
"Annabella","Gray","Female","a.gray@randatmail.com","459-7131-17","Producer"
"Marcus","Robinson","Male","m.robinson@randatmail.com","624-9820-30","Accountant"
"Amelia","Thompson","Female","a.thompson@randatmail.com","655-6292-43","Dancer"
"Daisy","Murphy","Female","d.murphy@randatmail.com","058-9016-31","Fashion Designer"
"Paige","Fowler","Female","p.fowler@randatmail.com","434-4138-10","Botanist"
"Frederick","Reed","Male","f.reed@randatmail.com","359-5147-90","Lecturer"
"Vivian","Gibson","Female","v.gibson@randatmail.com","964-8932-47","Social Worker"
"Belinda","Foster","Female","b.foster@randatmail.com","061-6255-42","Baker"
"Daisy","Rogers","Female","d.rogers@randatmail.com","180-6370-15","Programmer"
"Fiona","Watson","Female","f.watson@randatmail.com","859-8728-60","Pharmacist"
"Adrian","Howard","Male","a.howard@randatmail.com","062-3325-31","Scientist"
"Michael","Miller","Male","m.miller@randatmail.com","233-9574-30","Biochemist"
"Nicholas","Tucker","Male","n.tucker@randatmail.com","538-6133-92","Engineer"
"Maria","Richardson","Female","m.richardson@randatmail.com","969-6716-83","Aeroplane Pilot"
"Nicholas","Brown","Male","n.brown@randatmail.com","288-1060-24","Dancer"
"Blake","Harrison","Male","b.harrison@randatmail.com","395-4659-75","Cook"
"Savana","Watson","Female","s.watson@randatmail.com","298-4304-65","Physicist"
"Robert","Parker","Male","r.parker@randatmail.com","773-4922-27","Carpenter"
"Jared","Harris","Male","j.harris@randatmail.com","200-6726-91","Architect"
"Alfred","Harper","Male","a.harper@randatmail.com","354-5322-78","Insurer"
"James","Moore","Male","j.moore@randatmail.com","959-5943-12","Botanist"
"Paige","Watson","Female","p.watson@randatmail.com","278-8274-07","Fashion Designer"
"Audrey","Gibson","Female","a.gibson@randatmail.com","578-3655-69","Botanist"
"April","Hall","Female","a.hall@randatmail.com","508-3349-36","Dancer"
"Walter","Wright","Male","w.wright@randatmail.com","339-6238-46","Astronomer"
"Miranda","Chapman","Female","m.chapman@randatmail.com","584-0195-93","Dancer"
"Jenna","Harris","Female","j.harris@randatmail.com","344-3176-36","Hairdresser"
"Audrey","Foster","Female","a.foster@randatmail.com","997-0914-85","Firefighter"
"Joyce","Harrison","Female","j.harrison@randatmail.com","276-2920-53","Agronomist"
"Bruce","Evans","Male","b.evans@randatmail.com","192-6466-06","Historian"
"Alina","Foster","Female","a.foster@randatmail.com","980-6064-65","Police Officer"
"April","Williams","Female","a.williams@randatmail.com","101-8845-48","Engineer"
"Chloe","Russell","Female","c.russell@randatmail.com","180-4629-85","Fine Artist"
"Charlotte","Thompson","Female","c.thompson@randatmail.com","872-9710-18","Meteorologist"
"Michelle","Reed","Female","m.reed@randatmail.com","236-3105-80","Composer"
"Jessica","Watson","Female","j.watson@randatmail.com","705-8951-82","Accountant"
