"First Name","Last Name","Gender","Age","Email","Phone"
"Violet","Andrews","Female","40","v.andrews@randatmail.com","715-9189-34"
"Miller","Parker","Male","34","m.parker@randatmail.com","464-0079-06"
"Stella","Gray","Female","31","s.gray@randatmail.com","494-9528-79"
"Emily","Hill","Female","36","e.hill@randatmail.com","653-6828-05"
"Darcy","Mitchell","Female","35","d.mitchell@randatmail.com","105-9500-89"
"Samantha","Watson","Female","39","s.watson@randatmail.com","419-5500-73"
"Antony","Henderson","Male","39","a.henderson@randatmail.com","997-3012-49"
"Miley","Harrison","Female","31","m.harrison@randatmail.com","981-7917-15"
"Justin","Foster","Male","37","j.foster@randatmail.com","710-4929-09"
"Florrie","Brooks","Female","31","f.brooks@randatmail.com","500-1681-30"
